ID_REF,IDENTIFIER,gene_symbol,gene_id,chromosome,gene_start,gene_end,log2_fold_change_saline_vs_control,abs_log2_fold_change,fdr_bh,expression_rank,published_gwas_support,gwas_trait,gwas_position,nearest_published_gwas_distance_bp,ml_support,nearest_ml_snp,ml_snp_distance_bp,ml_importance_rank,evidence_score
Os.16044.1.S1_at,LOC4329464,LOC4329464,4329464,2,18454406,18457141,2.7403915184875878,2.7403915184875878,0.5422159090909091,4,True,GR-5d,18465405.0,8264.0,False,,,,3
Os.8413.2.A1_x_at,LOC4335562,LOC4335562,4335562,4,16945205,16951596,2.456388485153513,2.456388485153513,0.6616143941895015,10,True,GR-10d,16875404.0,69801.0,False,,,,3
Os.51742.1.S1_x_at,LOC4329812,LOC4329812,4329812,2,22622384,22623162,2.2763520321186475,2.2763520321186475,0.5764228187919463,19,True,GR-10d,22612000.0,10384.0,False,,,,3
Os.2371.1.S1_at,Os12g0448900,LOC4352160,4352160,12,15330154,15340506,2.119934526613506,2.119934526613506,0.7238685208596713,33,True,GR-10d,15244741.0,85413.0,False,,,,3
Os.8413.2.A1_at,LOC4335562,LOC4335562,4335562,4,16945205,16951596,1.9083061360502884,1.9083061360502884,0.6807424042272127,70,True,GR-10d,16875404.0,69801.0,False,,,,3
Os.49289.1.S1_x_at,LOC4340879,LOC4340879,4340879,6,12297995,12298879,1.8298554824884312,1.8298554824884312,0.7050030781859224,88,True,GR-10d,12241674.0,56321.0,False,,,,3
Os.49505.2.S1_at,LOC4332814,LOC4332814,4332814,3,12871629,12873928,1.7370873305252013,1.7370873305252013,0.5422159090909091,119,True,MGT,12972810.0,98882.0,False,,,,3
Os.27382.2.S1_at,LOC4328047,LOC4328047,4328047,2,627678,630663,1.6203276800231106,1.6203276800231106,0.5112321428571429,158,True,VI,655464.0,24801.0,False,,,,3
Os.49096.2.S1_x_at,LOC4342943,LOC4342943,4342943,7,11170894,11182960,-1.6018845460423097,1.6018845460423097,0.624541884816754,172,True,GR-10d,11217565.0,34605.0,False,,,,3
Os.18504.1.S1_at,LOC4351664,LOC4351664,4351664,12,3960586,3963997,-1.5781611217371234,1.5781611217371234,0.7928117891405401,185,True,GR-10d,4050799.0,86802.0,False,,,,3
Os.9486.1.S1_at,LOC4341034,LOC4341034,4341034,6,15968724,15974097,1.5440305246586723,1.5440305246586723,0.7704071604071604,209,True,GR-10d,16040311.0,66214.0,False,,,,3
Os.8413.2.A1_a_at,Os04g0354600,LOC4335562///LOC4335559,4335562///4335559,4,16945205,16951596,1.505710485987783,1.505710485987783,0.7351372171401059,235,True,GR-10d,16875404.0,69801.0,False,,,,3
Os.55383.1.S1_at,LOC4335043,LOC4335043,4335043,4,4419301,4421142,1.5017144064678662,1.5017144064678662,0.7238685208596713,238,True,GR-5d,4391690.0,27611.0,False,,,,3
Os.55623.1.S1_at,LOC9266983,LOC9266983,9266983,8,26904739,26906662,1.493853386511733,1.493853386511733,0.7615108392073414,247,True,GR-10d,26935874.0,29212.0,False,,,,3
Os.50417.1.S1_at,LOC4335529,LOC4335529,4335529,4,16419958,16424936,-1.4824190081443414,1.4824190081443414,0.6903544731130938,258,True,MGT,16501431.0,76495.0,False,,,,3
Os.9988.1.S1_at,Os11g0533400,Os11g0533400,4350647,11,18763796,18764563,1.4704885586033865,1.4704885586033865,0.7393179401488683,268,True,GR-5d,18758390.0,5406.0,False,,,,3
Os.51227.1.S1_s_at,LOC4335529,LOC4335529,4335529,4,16419958,16424936,-1.4547444935781906,1.4547444935781906,0.7321994884910485,281,True,MGT,16501431.0,76495.0,False,,,,3
Os.55823.1.S1_at,LOC4352120,LOC4352120,4352120,12,13981994,13983013,1.2582519495656082,1.2582519495656082,0.8056454248366013,489,True,GR-10d,13941848.0,40146.0,False,,,,3
Os.57466.1.S1_at,LOC4325621,LOC4325621,4325621,1,31998726,32003685,1.9891597325643415,1.9891597325643415,0.5112321428571429,52,False,,,,True,32045216_A,41531.0,20.0,3
Os.9417.1.S1_at,LOC4347708,LOC4347708,4347708,9,21155961,21157962,3.851918408444364,3.851918408444364,0.6452817430503381,1,False,,,,False,,,,2
Os.2373.1.S1_at,Os10g0555700,LOC4349348,4349348,10,21835932,21837645,-3.120500774931655,3.120500774931655,0.5422159090909091,2,False,,,,False,,,,2
Os.30306.1.A1_at,LOC4347898,LOC4347898,4347898,9,22699920,22700966,3.1025723414731994,3.1025723414731994,0.5112321428571429,3,False,,,,False,,,,2
Os.54482.1.S1_at,LOC9268937,LOC9268937,9268937,2,19405389,19420794,2.7250576123139907,2.7250576123139907,0.5112321428571429,5,False,,,,False,,,,2
Os.46538.1.S1_at,LOC4348233,LOC4348233,4348233,10,6252107,6254467,2.590645329064741,2.590645329064741,0.5422159090909091,6,False,,,,False,,,,2
Os.30563.1.S1_at,LOC4327757,LOC4327757,4327757,1,11458955,11463442,2.5831529002947606,2.5831529002947606,0.5112321428571429,7,False,,,,False,,,,2
Os.4159.1.S1_at,LOC4325938,LOC4325938,4325938,1,29620806,29622322,-2.5681217861882253,2.5681217861882253,0.60176563321072,8,False,,,,False,,,,2
Os.51460.1.S1_at,LOC4329573,LOC4329573,4329573,2,19834287,19835084,2.4645587847117483,2.4645587847117483,0.5112321428571429,9,False,,,,False,,,,2
Os.14115.1.S1_at,LOC4325587,LOC4325587,4325587,1,29874470,29877463,2.4528225545918163,2.4528225545918163,0.7238685208596713,11,False,,,,False,,,,2
OsAffx.18097.1.S1_at,LOC4347994,LOC4347994,4347994,10,1162914,1164493,-2.435480931242994,2.435480931242994,0.5112321428571429,12,False,,,,False,,,,2
Os.49271.1.S1_at,LOC4332162,LOC4332162,4332162,3,7061775,7063304,-2.4136612289995023,2.4136612289995023,0.5422159090909091,13,False,,,,False,,,,2
Os.26820.1.A1_s_at,Os08g0167800,Os08g0167800,4344754,8,3950229,3960074,2.387355522218718,2.387355522218718,0.624541884816754,14,False,,,,False,,,,2
Os.33350.1.S1_at,LOC4342991,LOC4342991,4342991,7,12652870,12656470,2.32533463583908,2.32533463583908,0.6452817430503381,15,False,,,,False,,,,2
Os.16018.1.S1_at,LOC4324861,LOC4324861,4324861,1,36496785,36498203,2.3054389807708366,2.3054389807708366,0.5422159090909091,16,False,,,,False,,,,2
Os.5152.1.S1_at,LOC4349795,LOC4349795,4349795,11,2423612,2426863,2.288629339242464,2.288629339242464,0.5112321428571429,17,False,,,,False,,,,2
Os.56210.1.S1_at,LOC4336355,LOC4336355,4336355,4,25404938,25407749,2.2843762726483883,2.2843762726483883,0.5112321428571429,18,False,,,,False,,,,2
Os.54891.1.S1_at,LOC4329045,LOC4329045,4329045,2,10863931,10867428,-2.268666630959323,2.268666630959323,0.5422159090909091,20,False,,,,False,,,,2
Os.51718.1.S1_at,LOC4350453,LOC4350453,4350453,11,15336125,15337182,2.2623562073526,2.2623562073526,0.5112321428571429,21,False,,,,False,,,,2
Os.28427.1.S2_a_at,LOC4338119,LOC4338119,4338119,5,7255493,7257225,2.2541369351517937,2.2541369351517937,0.624541884816754,22,False,,,,False,,,,2
Os.26941.1.A1_at,Os05g0166300,LOC4337918,4337918,5,3956553,3959259,2.253999401244161,2.253999401244161,0.6616143941895015,23,False,,,,False,,,,2
Os.9426.1.S1_s_at,Os11g0608300,Os11g0608300,4350899,11,22638029,22641735,2.2539373259571978,2.2539373259571978,0.6903544731130938,24,False,,,,False,,,,2
Os.25496.1.S1_at,LOC4349945,LOC4349945,4349945,11,4097158,4101462,2.213894170297784,2.213894170297784,0.6452817430503381,25,False,,,,False,,,,2
Os.55591.1.S1_at,LOC4339696,LOC4339696,4339696,5,28716925,28717978,2.188030254670423,2.188030254670423,0.5112321428571429,26,False,,,,False,,,,2
Os.47710.1.A1_at,Os04g0537900,LOC4336523,4336523,4,26903954,26908740,-2.1879588958465845,2.1879588958465845,0.60176563321072,27,False,,,,False,,,,2
OsAffx.24280.2.S1_at,LOC4342551,LOC4342551,4342551,7,4143235,4144461,-2.1860796405174723,2.1860796405174723,0.8689736598415475,28,False,,,,False,,,,2
Os.51400.1.S1_at,Os06g0132200,Os06g0132200,4340013,6,1729639,1730600,2.1783911015524584,2.1783911015524584,0.5764228187919463,29,False,,,,False,,,,2
Os.8098.1.S1_at,LOC4350299,LOC4350299,4350299,11,10474864,10477743,2.1761482904078484,2.1761482904078484,0.812484520123839,30,False,,,,False,,,,2
Os.57371.1.S1_at,LOC4331934,LOC4331934,4331934,3,4954112,4959452,-2.1499788660507324,2.1499788660507324,0.6616143941895015,31,False,,,,False,,,,2
Os.15633.1.S1_at,LOC4349011,LOC4349011,4349011,10,18976001,18979031,-2.1333579106250053,2.1333579106250053,0.5112321428571429,32,False,,,,False,,,,2
Os.25362.1.A1_at,LOC4335707,LOC4335707,4335707,4,19651645,19655265,2.1139029600605683,2.1139029600605683,0.6679265091863518,34,False,,,,False,,,,2
Os.11021.2.A1_at,LOC4337928,LOC4337928,4337928,5,4142073,4144010,-2.107041500019136,2.107041500019136,0.60176563321072,35,False,,,,False,,,,2
Os.22594.1.S1_at,Os01g0124700,Os01g0124700,4326003,1,1364703,1365502,2.0857024821189003,2.0857024821189003,0.5764228187919463,36,False,,,,False,,,,2
Os.34496.1.S1_at,LOC4334663,LOC4334663,4334663,3,34883499,34884577,2.076406079171745,2.076406079171745,0.6903544731130938,37,False,,,,False,,,,2
OsAffx.4466.1.S1_s_at,LOC4338531,LOC4338531,4338531,5,17017599,17021953,-2.0762522463430386,2.0762522463430386,0.624541884816754,38,False,,,,False,,,,2
Os.4469.1.S2_at,LOC4339464,LOC4339464,4339464,5,26830170,26834236,-2.0688760515987648,2.0688760515987648,0.60176563321072,39,False,,,,False,,,,2
Os.10969.1.S1_at,LOC4352036,LOC4352036,4352036,12,11915402,11918566,-2.059128016213017,2.059128016213017,0.8808101808689166,40,False,,,,False,,,,2
Os.57490.1.A1_at,LOC4328121,LOC4328121,4328121,2,1116047,1116972,2.0542094895832164,2.0542094895832164,0.6807424042272127,41,False,,,,False,,,,2
Os.51685.1.S1_at,LOC4338968,LOC4338968,4338968,5,22214573,22219612,2.0476396553015506,2.0476396553015506,0.6452817430503381,42,False,,,,False,,,,2
Os.5846.1.S1_at,LOC4336038,LOC4336038,4336038,4,22896445,22897637,-2.0459666757884896,2.0459666757884896,0.8419217491369391,43,False,,,,False,,,,2
Os.52380.2.S1_at,LOC4348889,LOC4348889,4348889,10,17733924,17744164,2.0377689006337807,2.0377689006337807,0.6452817430503381,44,False,,,,False,,,,2
Os.8468.1.S1_s_at,LOC4352131,LOC4352131,4352131,12,14453218,14456655,2.031327455157552,2.031327455157552,0.6452817430503381,45,False,,,,False,,,,2
Os.27964.1.S1_at,LOC4333070,LOC4333070,4333070,3,16551354,16561432,2.0294695527196223,2.0294695527196223,0.6971861855213638,46,False,,,,False,,,,2
Os.51575.1.S1_at,LOC4338518,LOC4338518,4338518,5,16874881,16876863,2.0232022127792386,2.0232022127792386,0.5112321428571429,47,False,,,,False,,,,2
Os.2256.1.S1_at,Os05g0202800,Os05g0202800,4338063,5,6312062,6313908,2.0217432679289526,2.0217432679289526,0.6903544731130938,48,False,,,,False,,,,2
Os.9691.1.S1_at,LOC4345110,LOC4345110,4345110,8,9921525,9923224,2.009836810636283,2.009836810636283,0.624541884816754,49,False,,,,False,,,,2
Os.51506.1.S1_at,LOC4332684,LOC4332684,4332684,3,11667520,11668267,-2.0075322228221366,2.0075322228221366,0.624541884816754,50,False,,,,False,,,,2
OsAffx.29958.1.S1_x_at,Os09g0379500,Os09g0379500,4346924,9,13384125,13385373,1.9986689271854003,1.9986689271854003,0.5422159090909091,51,False,,,,False,,,,2
Os.8999.2.S1_at,LOC4325027,LOC4325027,4325027,1,39433405,39435731,-1.9838317756651944,1.9838317756651944,0.6903544731130938,53,False,,,,False,,,,2
Os.10860.1.A1_at,Os04g0524600,LOC4336442,4336442,4,26247734,26252259,1.9757386208131755,1.9757386208131755,0.5422159090909091,54,False,,,,False,,,,2
Os.55257.1.S1_at,LOC4338064,LOC4338064,4338064,5,6405582,6406485,1.969938597711972,1.969938597711972,0.624541884816754,55,False,,,,False,,,,2
Os.51279.1.S1_at,LOC4335495,LOC4335495,4335495,4,15342371,15344490,1.9686173186323093,1.9686173186323093,0.5422159090909091,56,False,,,,False,,,,2
Os.12415.1.S1_at,LOC4346387,LOC4346387,4346387,9,862620,863389,1.9631303253014136,1.9631303253014136,0.6679265091863518,57,False,,,,False,,,,2
Os.38208.1.S1_at,LOC9270848,LOC9270848,9270848,1,19874740,19885560,-1.9628817707492516,1.9628817707492516,0.8378847944658774,58,False,,,,False,,,,2
Os.54800.1.S1_at,LOC4341486,LOC4341486,4341486,6,24175751,24181930,1.9626540873347087,1.9626540873347087,0.5422159090909091,59,False,,,,False,,,,2
Os.24786.1.S1_s_at,Os04g0578300,Os04g0578300,4336752,4,29126211,29126713,1.955259574316206,1.955259574316206,0.624541884816754,60,False,,,,False,,,,2
Os.50106.1.S1_at,LOC4333496,LOC4333496,4333496,3,23836047,23839582,-1.9458438645650216,1.9458438645650216,0.5422159090909091,61,False,,,,False,,,,2
Os.23896.1.S1_at,LOC4342117,LOC4342117,4342117,6,30898178,30905821,1.930470061038311,1.930470061038311,0.5112321428571429,62,False,,,,False,,,,2
Os.52181.1.S1_at,Os06g0675800,Os06g0675800,4341825,6,27670789,27674352,1.927723052476275,1.927723052476275,0.5764228187919463,63,False,,,,False,,,,2
Os.24865.1.A1_at,LOC4338022,LOC4338022,4338022,5,5508412,5510611,1.9271985622222711,1.9271985622222711,0.60176563321072,64,False,,,,False,,,,2
Os.29998.1.S2_at,Os05g0391000,Os05g0391000,4338681,5,18825012,18826481,1.924925221505398,1.924925221505398,0.6971861855213638,65,False,,,,False,,,,2
Os.22279.2.S1_at,LOC4341113,LOC4341113,4341113,6,17597802,17609665,-1.9239941593135343,1.9239941593135343,0.7657737867787543,66,False,,,,False,,,,2
Os.55340.1.S1_at,LOC9269133,LOC9269133,9269133,4,34038355,34039611,1.9226128240892544,1.9226128240892544,0.6452817430503381,67,False,,,,False,,,,2
Os.47942.1.A1_at,LOC4334675,LOC4334675,4334675,3,34952065,34955907,-1.9156308963409188,1.9156308963409188,0.8396148331595412,68,False,,,,False,,,,2
Os.49245.1.S1_at,LOC4330155,LOC4330155,4330155,2,26143309,26144731,1.90895928285904,1.90895928285904,0.5422159090909091,69,False,,,,False,,,,2
Os.26411.1.A1_at,LOC4345414,LOC4345414,4345414,8,17558075,17560287,-1.904044187877852,1.904044187877852,0.6903544731130938,71,False,,,,False,,,,2
Os.50205.2.S1_at,LOC4338629,LOC4338629,4338629,5,18377058,18382830,-1.8934750158626945,1.8934750158626945,0.6903544731130938,72,False,,,,False,,,,2
Os.38686.1.S1_at,LOC4328851,LOC4328851,4328851,2,8057637,8059642,-1.8885915639749409,1.8885915639749409,0.6807424042272127,73,False,,,,False,,,,2
Os.23875.1.S1_at,Os02g0148700,Os02g0148700,4328302,2,2675678,2676608,-1.8878932199633949,1.8878932199633949,0.7351372171401059,74,False,,,,False,,,,2
Os.49914.2.S1_at,LOC4343409,LOC4343409,4343409,7,20163956,20170210,1.8815002259931688,1.8815002259931688,0.5764228187919463,75,False,,,,False,,,,2
Os.27244.1.A1_s_at,Os04g0401000,LOC4335725,4335725,4,19835161,19836966,1.880906929436444,1.880906929436444,0.8283485421767193,76,False,,,,False,,,,2
Os.24128.1.A1_at,LOC4331257,LOC4331257,4331257,2,35774914,35777288,-1.8750399685618075,1.8750399685618075,0.6679265091863518,77,False,,,,False,,,,2
Os.15942.2.S1_a_at,LOC4327927,LOC4327927,4327927,1,21623706,21626771,-1.8655746804642237,1.8655746804642237,0.8025322369650532,78,False,,,,False,,,,2
Os.9776.1.S1_a_at,LOC4333208,LOC4333208,4333208,3,18569840,18572510,1.8543128481191808,1.8543128481191808,0.6679265091863518,79,False,,,,False,,,,2
Os.35297.1.S1_at,LOC107278609,LOC107278609,107278609,7,373738,375665,1.8504599856048345,1.8504599856048345,0.5112321428571429,80,False,,,,False,,,,2
Os.12062.2.S1_at,LOC4327193,LOC4327193,4327193,1,7125425,7128912,-1.8474071984199651,1.8474071984199651,0.60176563321072,81,False,,,,False,,,,2
Os.165.1.S1_at,LOC4352491,LOC4352491,4352491,12,22599959,22601198,1.8431920835368043,1.8431920835368043,0.6807424042272127,82,False,,,,False,,,,2
Os.49246.1.S1_at,LOC4340404,LOC4340404,4340404,6,5022307,5035414,1.8431512458900152,1.8431512458900152,0.7144883854866577,83,False,,,,False,,,,2
Os.26517.1.S2_at,Os02g0671100,LOC4330275,4330275,2,27248232,27250206,-1.834284826458812,1.834284826458812,0.6616143941895015,84,False,,,,False,,,,2
Os.18585.1.S1_at,LOC4351732,LOC4351732,4351732,12,5116346,5119055,-1.8321821554411928,1.8321821554411928,0.5112321428571429,85,False,,,,False,,,,2
Os.30428.1.S1_at,LOC4325152,LOC4325152,4325152,1,10399295,10400341,1.831837859151476,1.831837859151476,0.624541884816754,86,False,,,,False,,,,2
Os.37071.2.S1_a_at,LOC9272373,LOC9272373,9272373,1,19681825,19686309,-1.8317384120213056,1.8317384120213056,0.8680443305975221,87,False,,,,False,,,,2
Os.48441.1.S1_at,LOC4345024,LOC4345024,4345024,8,8394257,8397825,1.826816919023532,1.826816919023532,0.624541884816754,89,False,,,,False,,,,2
Os.22312.3.A1_a_at,Os05g0355450,LOC9268371,9268371,5,16859639,16860958,1.8221907949347929,1.8221907949347929,0.7050030781859224,90,False,,,,False,,,,2
Os.7510.1.S2_at,LOC4349369,LOC4349369,4349369,10,22020994,22023144,1.822138679965242,1.822138679965242,0.5422159090909091,91,False,,,,False,,,,2
Os.9727.1.S1_at,LOC4349097,LOC4349097,4349097,10,19728273,19735036,1.820521453007525,1.820521453007525,0.5764228187919463,92,False,,,,False,,,,2
Os.54700.1.S1_at,LOC4334214,LOC4334214,4334214,3,31612405,31619555,1.813373695173532,1.813373695173532,0.7657737867787543,93,False,,,,False,,,,2
Os.2019.1.S1_at,LOC4326923,LOC4326923,4326923,1,28975482,28977355,-1.8133083861297088,1.8133083861297088,0.7050030781859224,94,False,,,,False,,,,2
Os.11169.1.S1_a_at,LOC4342003,LOC4342003,4342003,6,29807815,29808451,1.8112692391884129,1.8112692391884129,0.7538123614190688,95,False,,,,False,,,,2
Os.47505.1.S1_at,LOC4335767,LOC4335767,4335767,4,20259518,20262613,1.8065541701470944,1.8065541701470944,0.7050030781859224,96,False,,,,False,,,,2
Os.11958.1.S1_at,LOC4334322,LOC4334322,4334322,3,32425656,32426559,1.805752648238236,1.805752648238236,0.6452817430503381,97,False,,,,False,,,,2
Os.49880.2.S1_at,LOC4345941,LOC4345941,4345941,8,24666781,24672336,1.8051815809636855,1.8051815809636855,0.5764228187919463,98,False,,,,False,,,,2
Os.47326.2.S1_at,Os03g0790000,Os03g0789800,4334376,3,32829152,32834764,-1.805100015905204,1.805100015905204,0.7657737867787543,99,False,,,,False,,,,2
Os.54521.1.S1_at,LOC4339060,LOC4339060,4339060,5,22978610,22982155,-1.8009353000958683,1.8009353000958683,0.5112321428571429,100,False,,,,False,,,,2
Os.37822.1.A2_at,LOC4324641,LOC4324641,4324641,1,6541829,6544506,-1.7906259448418536,1.7906259448418536,0.7461946133796699,101,False,,,,False,,,,2
Os.53553.1.S1_at,LOC4341015,LOC4341015,4341015,6,15648667,15669064,1.7895838550322636,1.7895838550322636,0.624541884816754,102,False,,,,False,,,,2
Os.33244.1.S1_at,LOC4324853,LOC4324853,4324853,1,36430920,36440142,1.7872520719537237,1.7872520719537237,0.5764228187919463,103,False,,,,False,,,,2
Os.2292.1.S1_a_at,Os03g0745000,LOC4334080,4334080,3,30604678,30607271,-1.784112613066918,1.784112613066918,0.5112321428571429,104,False,,,,False,,,,2
Os.7095.1.S1_at,LOC4336765,LOC4336765,4336765,4,29338952,29341173,-1.7833630367596855,1.7833630367596855,0.7887581632653062,105,False,,,,False,,,,2
OsAffx.22796.1.S1_at,LOC4325795,LOC4325795,4325795,1,1764989,1769019,-1.7787449963521182,1.7787449963521182,0.5112321428571429,106,False,,,,False,,,,2
Os.32459.1.S1_at,LOC4325998,LOC4325998,4325998,1,1338238,1339171,1.777826139127723,1.777826139127723,0.8321174247929081,107,False,,,,False,,,,2
Os.11189.1.S1_at,LOC4341910,LOC4341910,4341910,6,28852416,28856943,1.7774441740989204,1.7774441740989204,0.5112321428571429,108,False,,,,False,,,,2
Os.37783.1.S1_a_at,LOC4352582,LOC4352582,4352582,12,23514988,23516020,-1.7642550060450808,1.7642550060450808,0.8204457888871199,109,False,,,,False,,,,2
Os.54600.1.S1_at,LOC4326895,LOC4326895,4326895,1,32233137,32239015,-1.7626025949751176,1.7626025949751176,0.7144883854866577,110,False,,,,False,,,,2
Os.46107.1.S2_x_at,LOC4329504,LOC4329504,4329504,2,19044912,19050872,-1.759033729770012,1.759033729770012,0.624541884816754,111,False,,,,False,,,,2
Os.7735.2.S1_x_at,LOC4352356,LOC4352356,4352356,12,20134633,20138020,-1.7548548980681395,1.7548548980681395,0.624541884816754,112,False,,,,False,,,,2
Os.54553.1.S1_at,LOC4333158,LOC4333158,4333158,3,17787248,17789116,1.7526165746823383,1.7526165746823383,0.6452817430503381,113,False,,,,False,,,,2
Os.23517.1.A1_at,LOC4329725,LOC4329725,4329725,2,21788113,21791256,1.7482791675474043,1.7482791675474043,0.6452817430503381,114,False,,,,False,,,,2
Os.46052.1.S1_at,LOC4349325,LOC4349325,4349325,10,21662451,21663218,-1.7480662255580108,1.7480662255580108,0.6903544731130938,115,False,,,,False,,,,2
Os.52299.1.S1_at,LOC4350929,LOC4350929,4350929,11,24001624,24010463,-1.7420319256160948,1.7420319256160948,0.7615108392073414,116,False,,,,False,,,,2
Os.8688.2.S1_at,LOC4343108,LOC4343108,4343108,7,15204092,15211466,1.7407509981556908,1.7407509981556908,0.6807424042272127,117,False,,,,False,,,,2
Os.51359.1.S1_at,LOC4344335,LOC4344335,4344335,7,29152151,29153442,-1.7404373521013663,1.7404373521013663,0.60176563321072,118,False,,,,False,,,,2
Os.49328.1.S1_at,LOC4334987,LOC4334987,4334987,4,1701998,1710539,1.7270861156501691,1.7270861156501691,0.7393179401488683,120,False,,,,False,,,,2
Os.1606.1.S1_at,LOC4337274,LOC4337274,4337274,4,33641301,33642313,-1.723736125917135,1.723736125917135,0.8321174247929081,121,False,,,,False,,,,2
Os.35808.1.S1_at,LOC4324218,LOC4324218,4324218,1,23911476,23913218,1.7233453160605126,1.7233453160605126,0.8582222850678733,122,False,,,,False,,,,2
Os.52987.1.S1_at,LOC4347284,LOC4347284,4347284,9,17413334,17415647,1.7215422163001697,1.7215422163001697,0.5764228187919463,123,False,,,,False,,,,2
Os.8440.1.S1_at,LOC4351006,LOC4351006,4351006,11,25432425,25434791,1.717051720195359,1.717051720195359,0.6807424042272127,124,False,,,,False,,,,2
Os.15831.5.S1_x_at,LOC4346039,LOC4346039,4346039,8,25666767,25682359,-1.713502197076048,1.713502197076048,0.5112321428571429,125,False,,,,False,,,,2
Os.53210.1.S1_at,LOC4350452,LOC4350452,4350452,11,15327758,15328676,1.7114009814253317,1.7114009814253317,0.5112321428571429,126,False,,,,False,,,,2
Os.52890.1.S1_at,LOC4338044,LOC4338044,4338044,5,5962667,5966380,1.70777789136014,1.70777789136014,0.5422159090909091,127,False,,,,False,,,,2
Os.51775.1.S1_at,LOC4351498,LOC4351498,4351498,12,2312456,2313262,1.7063833170938296,1.7063833170938296,0.5422159090909091,128,False,,,,False,,,,2
Os.50213.1.S1_at,LOC4340717,LOC4340717,4340717,6,8913920,8917864,-1.7032864995560577,1.7032864995560577,0.5112321428571429,129,False,,,,False,,,,2
Os.33000.1.S1_x_at,LOC4326976,LOC4326976,4326976,1,12636379,12640676,-1.701786206598744,1.701786206598744,0.7850179287070238,130,False,,,,False,,,,2
Os.24545.2.S1_at,LOC4333117,LOC4333117,4333117,3,17288042,17293012,1.6978610160135,1.6978610160135,0.5112321428571429,131,False,,,,False,,,,2
Os.24660.1.S1_at,LOC4334814,LOC4334814,4334814,3,35901248,35903060,-1.6950431021361598,1.6950431021361598,0.6807424042272127,132,False,,,,False,,,,2
Os.50944.1.S1_at,LOC9266134,LOC9266134,9266134,9,16552779,16558074,1.686374474931071,1.686374474931071,0.6807424042272127,133,False,,,,False,,,,2
Os.14118.1.S1_at,LOC4340135,LOC4340135,4340135,6,2546950,2549257,1.684079130564641,1.684079130564641,0.624541884816754,134,False,,,,False,,,,2
Os.46823.1.S1_at,LOC4349410,LOC4349410,4349410,10,22289810,22293560,1.6838281825132309,1.6838281825132309,0.7144883854866577,135,False,,,,False,,,,2
Os.56276.1.S1_at,LOC4345298,LOC4345298,4345298,8,14724884,14732122,-1.683586616902973,1.683586616902973,0.60176563321072,136,False,,,,False,,,,2
Os.14656.1.S1_at,LOC4348232,LOC4348232,4348232,10,6244539,6250094,-1.6769738842155235,1.6769738842155235,0.60176563321072,137,False,,,,False,,,,2
Os.6274.1.S1_at,LOC4339527,LOC4339527,4339527,5,27345554,27346358,1.6764406324105252,1.6764406324105252,0.5112321428571429,138,False,,,,False,,,,2
Os.52113.1.S1_at,Os09g0269400,Os09g0269400,4346570,9,5138691,5139426,-1.6737212061184528,1.6737212061184528,0.6679265091863518,139,False,,,,False,,,,2
Os.55779.1.S1_at,LOC4347796,LOC4347796,4347796,9,21891762,21893285,1.6705825082619885,1.6705825082619885,0.7657737867787543,140,False,,,,False,,,,2
Os.55154.1.S1_at,LOC4352822,LOC4352822,4352822,12,26513850,26514959,1.666482630185405,1.666482630185405,0.624541884816754,141,False,,,,False,,,,2
Os.24864.1.S1_at,LOC4338024,LOC4338024,4338024,5,5628665,5632934,1.6587173208335362,1.6587173208335362,0.7050030781859224,142,False,,,,False,,,,2
Os.32106.1.S1_at,LOC9271530,LOC9271530,9271530,1,39839272,39851420,-1.6570714452753257,1.6570714452753257,0.60176563321072,143,False,,,,False,,,,2
Os.9637.1.S1_at,LOC4341937,LOC4341937,4341937,6,29068582,29071755,-1.6569372193410246,1.6569372193410246,0.5112321428571429,144,False,,,,False,,,,2
Os.47310.1.S1_at,LOC4344023,LOC4344023,4344023,7,26375559,26377634,1.656291036177918,1.656291036177918,0.6903544731130938,145,False,,,,False,,,,2
Os.26657.1.A1_at,LOC4324294,LOC4324294,4324294,1,43049183,43058989,-1.6519950277617883,1.6519950277617883,0.6452817430503381,146,False,,,,False,,,,2
OsAffx.23019.1.S1_at,LOC4339106,LOC4339106,4339106,5,23495628,23497583,-1.6503913276134006,1.6503913276134006,0.624541884816754,147,False,,,,False,,,,2
Os.47625.1.A1_s_at,Os05g0135500,LOC4337732///LOC4337730,4337732///4337730,5,2080587,2082748,1.645903654421243,1.645903654421243,0.5764228187919463,148,False,,,,False,,,,2
Os.54223.1.S1_at,LOC4335368,LOC4335368,4335368,4,11887680,11888885,-1.645556180239768,1.645556180239768,0.624541884816754,149,False,,,,False,,,,2
Os.40368.1.A1_s_at,Os12g0140233,LOC9267810,9267810,12,1939553,1941321,1.6454842569920458,1.6454842569920458,0.624541884816754,150,False,,,,False,,,,2
Os.17076.1.S1_at,LOC4346594,LOC4346594,4346594,9,5643297,5645523,1.6415537646545348,1.6415537646545348,0.5112321428571429,151,False,,,,False,,,,2
Os.55394.1.S1_at,LOC4334017,LOC4334017,4334017,3,30082332,30082968,-1.636544052462346,1.636544052462346,0.8476772010393376,152,False,,,,False,,,,2
Os.27421.2.S1_at,LOC4342717,LOC4342717,4342717,7,6222585,6231389,1.6359102348510215,1.6359102348510215,0.5764228187919463,153,False,,,,False,,,,2
Os.11800.1.S1_s_at,LOC4323896,LOC4323896,4323896,1,28786412,28793370,1.6342223364483666,1.6342223364483666,0.5422159090909091,154,False,,,,False,,,,2
Os.31975.1.S1_at,LOC4338037,LOC4338037,4338037,5,5846097,5848191,1.6316678188141132,1.6316678188141132,0.5112321428571429,155,False,,,,False,,,,2
Os.11986.1.S1_at,LOC4327951,LOC4327951,4327951,1,28524012,28537735,-1.6261908705035997,1.6261908705035997,0.6679265091863518,156,False,,,,False,,,,2
Os.21957.2.S1_x_at,LOC4347971,LOC4347971,4347971,10,806041,809989,1.6213866599400448,1.6213866599400448,0.7351372171401059,157,False,,,,False,,,,2
Os.36345.1.S1_at,LOC4324790,LOC4324790,4324790,1,37406182,37407377,1.6174506084690774,1.6174506084690774,0.7321994884910485,159,False,,,,False,,,,2
Os.28525.1.S1_at,LOC4327951,LOC4327951,4327951,1,28524012,28537735,-1.6167331918141747,1.6167331918141747,0.6679265091863518,160,False,,,,False,,,,2
Os.23805.2.A1_at,LOC4327994,LOC4327994,4327994,2,163620,164642,1.6158199259084844,1.6158199259084844,0.6807424042272127,161,False,,,,False,,,,2
Os.16453.1.S1_at,LOC4352653,LOC4352653,4352653,12,24237200,24238522,1.6151225386822263,1.6151225386822263,0.5764228187919463,162,False,,,,False,,,,2
Os.27795.1.S1_at,LOC4349896,LOC4349896,4349896,11,3463910,3467996,-1.6146108341944856,1.6146108341944856,0.8396148331595412,163,False,,,,False,,,,2
Os.48503.2.S1_at,LOC4341833,LOC4341833,4341833,6,28100786,28105863,-1.6126852581994189,1.6126852581994189,0.60176563321072,164,False,,,,False,,,,2
Os.15894.1.A1_a_at,Os02g0240100,LOC4328841,4328841,2,7938391,7939840,1.6125567058161223,1.6125567058161223,0.5422159090909091,165,False,,,,False,,,,2
Os.34632.1.S1_at,LOC4332101,LOC4332101,4332101,3,6392877,6395476,-1.6119236953352605,1.6119236953352605,0.5422159090909091,166,False,,,,False,,,,2
Os.54610.1.S1_at,Os05g0333600,Os05g0333600,4338450,5,15488067,15489763,-1.6109610488938355,1.6109610488938355,0.8074457958751984,167,False,,,,False,,,,2
Os.6389.1.S1_at,Os01g0155800,LOC4324081,4324081,1,2999522,3001146,-1.609579345058135,1.609579345058135,0.624541884816754,168,False,,,,False,,,,2
Os.46872.1.S1_at,LOC4349113,LOC4349113,4349113,10,19881363,19883255,1.608799098506736,1.608799098506736,0.7671595615103532,169,False,,,,False,,,,2
Os.10419.1.S1_a_at,LOC4350270,LOC4350270,4350270,11,9754875,9759863,1.606506616964492,1.606506616964492,0.60176563321072,170,False,,,,False,,,,2
Os.12760.2.S1_at,LOC4335450,LOC4335450,4335450,4,14062633,14068018,1.6063819927449148,1.6063819927449148,0.5112321428571429,171,False,,,,False,,,,2
Os.31430.1.S1_at,LOC4342814,LOC4342814,4342814,7,7919368,7921173,-1.6013600271345898,1.6013600271345898,0.7887581632653062,173,False,,,,False,,,,2
Os.52580.1.S1_at,LOC4344916,LOC4344916,4344916,8,6040503,6048604,1.6007177560652062,1.6007177560652062,0.5764228187919463,174,False,,,,False,,,,2
Os.6101.1.S1_at,LOC4335168,LOC4335168,4335168,4,7156868,7159814,-1.59946297613055,1.59946297613055,0.6807424042272127,175,False,,,,False,,,,2
Os.50995.1.S1_at,LOC4325291,LOC4325291,4325291,1,28835249,28836896,-1.5944449724361345,1.5944449724361345,0.7351372171401059,176,False,,,,False,,,,2
Os.27273.1.A1_at,LOC107280564,LOC107280564,107280564,1,17470304,17471515,1.592206024648508,1.592206024648508,0.624541884816754,177,False,,,,False,,,,2
Os.54385.1.S1_at,LOC4334899,LOC4334899,4334899,4,246383,249223,-1.5888586929256825,1.5888586929256825,0.7671595615103532,178,False,,,,False,,,,2
Os.43185.1.S1_at,LOC4346037,LOC4346037,4346037,8,25648774,25652739,-1.582905152896474,1.582905152896474,0.7050030781859224,179,False,,,,False,,,,2
Os.28272.1.S1_at,LOC4351261,LOC4351261,4351261,12,301963,305271,1.582519996219712,1.582519996219712,0.5764228187919463,180,False,,,,False,,,,2
Os.9709.1.A1_at,Os08g0160500,LOC4344719,4344719,8,3544370,3550667,-1.58204158312255,1.58204158312255,0.6452817430503381,181,False,,,,False,,,,2
Os.46738.1.S1_at,LOC4347987,LOC4347987,4347987,10,1054365,1056094,-1.581244178462967,1.581244178462967,0.6616143941895015,182,False,,,,False,,,,2
Os.8044.1.S1_at,LOC4328677,LOC4328677,4328677,2,5955067,5957406,1.5793050292148616,1.5793050292148616,0.6452817430503381,183,False,,,,False,,,,2
Os.10596.1.S1_at,LOC4333623,LOC4333623,4333623,3,25746086,25760738,1.5783033745935455,1.5783033745935455,0.5764228187919463,184,False,,,,False,,,,2
Os.46488.1.S1_at,LOC4348112,LOC4348112,4348112,10,2921788,2923672,1.575656365811234,1.575656365811234,0.5112321428571429,186,False,,,,False,,,,2
Os.1411.1.S1_at,LOC4327093,LOC4327093,4327093,1,5809573,5811612,1.5747373566710048,1.5747373566710048,0.7144883854866577,187,False,,,,False,,,,2
Os.52911.1.S1_at,LOC4342434,LOC4342434,4342434,7,3106846,3109484,-1.5729463821250873,1.5729463821250873,0.6971861855213638,188,False,,,,False,,,,2
Os.53869.1.S1_at,LOC4341600,LOC4341600,4341600,6,25754844,25757444,-1.5726775566619695,1.5726775566619695,0.6452817430503381,189,False,,,,False,,,,2
Os.56372.1.S1_at,LOC9269586,LOC9269586,9269586,6,16244354,16247208,-1.5692978626468783,1.5692978626468783,0.7538123614190688,190,False,,,,False,,,,2
Os.17939.2.S1_at,LOC4334288,LOC4334288,4334288,3,32160112,32164226,1.5669057965047062,1.5669057965047062,0.7704071604071604,191,False,,,,False,,,,2
Os.53372.2.S1_at,LOC4327467,LOC4327467,4327467,1,36359617,36365453,-1.5655862555137086,1.5655862555137086,0.6807424042272127,192,False,,,,False,,,,2
Os.56974.1.S1_at,Os10g0468600,LOC4348855,4348855,10,17312261,17316881,-1.5629240685071946,1.5629240685071946,0.6452817430503381,193,False,,,,False,,,,2
Os.9823.1.S1_at,LOC4346391,LOC4346391,4346391,9,920567,926025,-1.5625663742705496,1.5625663742705496,0.8378847944658774,194,False,,,,False,,,,2
Os.7474.1.S1_at,Os06g0139150,Os06g0139150,4340058,6,2050324,2051716,-1.560551128497975,1.560551128497975,0.7238685208596713,195,False,,,,False,,,,2
Os.53109.1.S1_at,LOC4351855,LOC4351855,4351855,12,7602046,7606885,1.5605472598801988,1.5605472598801988,0.7238685208596713,196,False,,,,False,,,,2
Os.55536.1.S1_at,LOC4330571,LOC4330571,4330571,2,30064333,30066124,-1.560285070942847,1.560285070942847,0.7538123614190688,197,False,,,,False,,,,2
Os.27955.2.S1_at,LOC4334788,LOC4334788,4334788,3,35753176,35757974,1.558143951912318,1.558143951912318,0.6452817430503381,198,False,,,,False,,,,2
Os.53369.1.S1_at,LOC4330844,LOC4330844,4330844,2,32312866,32315987,-1.5544056982711056,1.5544056982711056,0.7887581632653062,199,False,,,,False,,,,2
Os.11253.1.S1_at,LOC4324804,LOC4324804,4324804,1,36639588,36640568,-1.5543520073471386,1.5543520073471386,0.7050030781859224,200,False,,,,False,,,,2
Os.15125.1.S1_x_at,LOC4335030,LOC4335030,4335030,4,3766110,3768573,1.5540892856926567,1.5540892856926567,0.7615108392073414,201,False,,,,False,,,,2
Os.22076.1.S1_a_at,Os01g0841700,LOC4327497,4327497,1,36135777,36137293,-1.55345075412721,1.55345075412721,0.5112321428571429,202,False,,,,False,,,,2
Os.10539.1.S1_at,LOC4350725,LOC4350725,4350725,11,20723961,20724631,-1.5533806869747069,1.5533806869747069,0.7393179401488683,203,False,,,,False,,,,2
Os.49855.1.S1_at,LOC4331177,LOC4331177,4331177,2,35263223,35265630,1.5515436704083403,1.5515436704083403,0.7850179287070238,204,False,,,,False,,,,2
Os.55077.1.S1_at,LOC4338197,LOC4338197,4338197,5,8676561,8679297,-1.5483956267537375,1.5483956267537375,0.773582526458005,205,False,,,,False,,,,2
Os.7510.1.S1_at,LOC4349369,LOC4349369,4349369,10,22020994,22023144,1.548247339802015,1.548247339802015,0.7461946133796699,206,False,,,,False,,,,2
Os.47678.1.S1_at,Os08g0535400,LOC4346154,4346154,8,26744946,26748439,-1.5468462175706286,1.5468462175706286,0.7393179401488683,207,False,,,,False,,,,2
Os.52919.1.S1_at,LOC4336498,LOC4336498,4336498,4,26621001,26622577,1.5445455914291186,1.5445455914291186,0.7238685208596713,208,False,,,,False,,,,2
Os.5690.1.S1_at,LOC4324182,LOC4324182,4324182,1,26652950,26658313,1.5424039965026863,1.5424039965026863,0.5112321428571429,210,False,,,,False,,,,2
Os.36437.1.S1_at,LOC4343630,LOC4343630,4343630,7,22755209,22757812,1.5415142403464326,1.5415142403464326,0.6452817430503381,211,False,,,,False,,,,2
Os.3408.1.A1_x_at,Os01g0866400,LOC4325071,4325071,1,37519481,37522464,-1.539171983316161,1.539171983316161,0.6616143941895015,212,False,,,,False,,,,2
Os.37330.1.S1_at,LOC4327533,LOC4327533,4327533,1,34003689,34006477,-1.5381289104785436,1.5381289104785436,0.5422159090909091,213,False,,,,False,,,,2
Os.57146.1.S1_at,Os01g0357000,Os01g0357000,4326013,1,14427357,14427989,1.5369610501578232,1.5369610501578232,0.7393179401488683,214,False,,,,False,,,,2
Os.27559.1.S1_at,LOC4345957,LOC4345957,4345957,8,24780341,24786063,-1.5353948726880284,1.5353948726880284,0.7887581632653062,215,False,,,,False,,,,2
Os.35013.1.S1_at,LOC4332374,LOC4332374,4332374,3,8921390,8923437,1.534830900304654,1.534830900304654,0.5112321428571429,216,False,,,,False,,,,2
Os.55272.1.S1_at,LOC4326043,LOC4326043,4326043,1,1217271,1218116,-1.534684465134743,1.534684465134743,0.6452817430503381,217,False,,,,False,,,,2
Os.26816.1.A1_s_at,LOC4343486,LOC4343486,4343486,7,21175038,21178577,-1.533422232155518,1.533422232155518,0.7351372171401059,218,False,,,,False,,,,2
Os.4184.1.S1_at,LOC4328903,LOC4328903,4328903,2,8590287,8594087,-1.5327737580437666,1.5327737580437666,0.6971861855213638,219,False,,,,False,,,,2
Os.51775.1.S1_x_at,LOC4351498,LOC4351498,4351498,12,2312456,2313262,1.53133217607691,1.53133217607691,0.5422159090909091,220,False,,,,False,,,,2
Os.53724.1.S1_at,LOC4350443,LOC4350443,4350443,11,15075248,15075934,1.526481840302349,1.526481840302349,0.5112321428571429,221,False,,,,False,,,,2
Os.15298.1.S1_at,LOC4332648,LOC4332648,4332648,3,11266827,11270077,-1.5217091148734003,1.5217091148734003,0.6971861855213638,222,False,,,,False,,,,2
Os.16138.1.S1_s_at,Os03g0112900,LOC9270922,9270922,3,726213,729849,1.5182210973598624,1.5182210973598624,0.7704071604071604,223,False,,,,False,,,,2
Os.11555.1.S1_at,LOC4337728,LOC4337728,4337728,5,2050494,2052108,-1.5162618316470151,1.5162618316470151,0.6452817430503381,224,False,,,,False,,,,2
Os.37295.1.S1_at,LOC4349607,LOC4349607,4349607,11,729336,732863,1.5154735498140122,1.5154735498140122,0.5422159090909091,225,False,,,,False,,,,2
Os.46566.1.S1_at,Os10g0326700,Os10g0326700,4348325,10,9275799,9277453,-1.5149818333488576,1.5149818333488576,0.7351372171401059,226,False,,,,False,,,,2
Os.405.1.S1_a_at,LOC4352505,LOC4352505,4352505,12,22854745,22860205,1.5149171120546168,1.5149171120546168,0.8260455580865604,227,False,,,,False,,,,2
Os.55961.1.S1_at,LOC4343433,LOC4343433,4343433,7,20523609,20525366,1.5132921175650658,1.5132921175650658,0.8321174247929081,228,False,,,,False,,,,2
Os.6113.1.S1_at,LOC4344616,LOC4344616,4344616,8,2059657,2061418,-1.5128349916554735,1.5128349916554735,0.5422159090909091,229,False,,,,False,,,,2
Os.12216.2.S1_a_at,LOC4344615,LOC4344615,4344615,8,2054221,2056020,-1.511622704590862,1.511622704590862,0.7538123614190688,230,False,,,,False,,,,2
Os.32890.1.S1_at,LOC4351197,LOC4351197,4351197,11,28758749,28760017,1.5115523177994932,1.5115523177994932,0.7671595615103532,231,False,,,,False,,,,2
Os.49840.1.S1_at,LOC4328342,LOC4328342,4328342,2,2978755,2982243,-1.5108847214051149,1.5108847214051149,0.7704071604071604,232,False,,,,False,,,,2
Os.6683.1.S1_at,LOC4324132,LOC4324132,4324132,1,33618366,33619182,-1.51084869819968,1.51084869819968,0.8025322369650532,233,False,,,,False,,,,2
OsAffx.4679.1.S1_at,LOC4339747,LOC4339747,4339747,5,29077041,29078532,-1.5104771898541718,1.5104771898541718,0.7538123614190688,234,False,,,,False,,,,2
Os.51145.1.S1_at,LOC4350740,LOC4350740,4350740,11,21102794,21104577,1.505150687140216,1.505150687140216,0.8616114911080712,236,False,,,,False,,,,2
Os.53030.1.S1_at,LOC4332569,LOC4332569,4332569,3,10564579,10566822,-1.502031369292913,1.502031369292913,0.6452817430503381,237,False,,,,False,,,,2
Os.11561.2.S1_a_at,LOC4332782,LOC4332782,4332782,3,12611816,12617143,1.5013877602324337,1.5013877602324337,0.5112321428571429,239,False,,,,False,,,,2
Os.26486.1.S1_at,LOC4347115,LOC4347115,4347115,9,15493003,15497519,1.5012645111328666,1.5012645111328666,0.6903544731130938,240,False,,,,False,,,,2
Os.56922.1.S1_at,LOC4329309,LOC4329309,4329309,2,15521440,15522724,-1.4986118396633077,1.4986118396633077,0.6903544731130938,241,False,,,,False,,,,2
Os.37687.1.A1_at,LOC9270212,LOC9270212,9270212,5,1859674,1863521,1.4984811661982511,1.4984811661982511,0.7615108392073414,242,False,,,,False,,,,2
Os.25027.1.S1_a_at,LOC4344184,LOC4344184,4344184,7,27915320,27921280,1.4973039380478328,1.4973039380478328,0.7393179401488683,243,False,,,,False,,,,2
Os.57081.1.S1_at,LOC4347518,LOC4347518,4347518,9,19662808,19665100,-1.4964106820931165,1.4964106820931165,0.7393179401488683,244,False,,,,False,,,,2
Os.23800.1.S1_at,LOC4328729,LOC4328729,4328729,2,6517040,6533185,-1.4960947176287591,1.4960947176287591,0.624541884816754,245,False,,,,False,,,,2
Os.55667.1.S1_at,LOC4352199,LOC4352199,4352199,12,16988303,16991079,-1.4938932800706843,1.4938932800706843,0.60176563321072,246,False,,,,False,,,,2
Os.31185.1.S1_at,LOC4327691,LOC4327691,4327691,1,7817671,7818395,1.493160426784892,1.493160426784892,0.7238685208596713,248,False,,,,False,,,,2
Os.49607.1.S1_at,LOC4331928,LOC4331928,4331928,3,4913074,4914068,1.4928687247270491,1.4928687247270491,0.5112321428571429,249,False,,,,False,,,,2
Os.36663.1.S1_at,LOC4325712,LOC4325712,4325712,1,15291660,15294410,-1.4920538872669893,1.4920538872669893,0.6616143941895015,250,False,,,,False,,,,2
Os.47888.1.S1_at,LOC4347843,LOC4347843,4347843,9,22228614,22236160,1.491918831764434,1.491918831764434,0.7321994884910485,251,False,,,,False,,,,2
Os.47885.1.A1_at,LOC4352384,LOC4352384,4352384,12,20788815,20792006,1.4902886693508837,1.4902886693508837,0.6971861855213638,252,False,,,,False,,,,2
Os.53891.1.S1_at,LOC4346635,LOC4346635,4346635,9,6672987,6679009,1.4888222187583675,1.4888222187583675,0.6452817430503381,253,False,,,,False,,,,2
Os.11240.1.S1_at,LOC4325974,LOC4325974,4325974,1,1673529,1680627,-1.4883788141234255,1.4883788141234255,0.7393179401488683,254,False,,,,False,,,,2
Os.37727.1.S1_at,LOC4350378,LOC4350378,4350378,11,13460563,13466803,-1.4843846964269547,1.4843846964269547,0.773582526458005,255,False,,,,False,,,,2
Os.54831.1.S1_at,LOC4346685,LOC4346685,4346685,9,8198836,8199752,-1.4843670157450772,1.4843670157450772,0.7657737867787543,256,False,,,,False,,,,2
Os.6747.1.S1_a_at,LOC4326058,LOC4326058,4326058,1,41470269,41478076,-1.4841198439015535,1.4841198439015535,0.8986840692247325,257,False,,,,False,,,,2
Os.26949.1.A1_at,Os08g0356500,LOC4345359,4345359,8,16307653,16310266,1.4824086913755068,1.4824086913755068,0.7321994884910485,259,False,,,,False,,,,2
Os.53639.1.S1_at,LOC4335987,LOC4335987,4335987,4,22385455,22388197,1.4791426163201056,1.4791426163201056,0.6679265091863518,260,False,,,,False,,,,2
Os.31088.1.S1_at,LOC4325734,LOC4325734,4325734,1,15124614,15125398,-1.4787990095333727,1.4787990095333727,0.7393179401488683,261,False,,,,False,,,,2
Os.56430.1.S1_at,LOC4328601,LOC4328601,4328601,2,5259821,5266608,-1.4782361302458598,1.4782361302458598,0.6452817430503381,262,False,,,,False,,,,2
Os.51266.1.S1_at,LOC4344505,LOC4344505,4344505,8,746449,747135,1.4782320019138524,1.4782320019138524,0.7144883854866577,263,False,,,,False,,,,2
Os.27155.1.S1_at,LOC4340694,LOC4340694,4340694,6,8597879,8599916,1.4727514755220763,1.4727514755220763,0.773582526458005,264,False,,,,False,,,,2
Os.53285.1.S1_x_at,LOC4345463,LOC4345463,4345463,8,18305366,18309365,1.4721104607193705,1.4721104607193705,0.7657737867787543,265,False,,,,False,,,,2
Os.1503.1.S1_at,Os06g0662200,LOC4341753,4341753,6,27300084,27302118,-1.471653228326951,1.471653228326951,0.5112321428571429,266,False,,,,False,,,,2
Os.27420.1.S2_s_at,LOC4338239,LOC4338239,4338239,5,10112489,10126224,-1.4706134044665016,1.4706134044665016,0.5112321428571429,267,False,,,,False,,,,2
Os.5643.1.S1_at,LOC4324927,LOC4324927,4324927,1,37664048,37667277,1.470116214401722,1.470116214401722,0.7794870398605969,269,False,,,,False,,,,2
Os.9384.1.S1_at,LOC4338144,LOC4338144,4338144,5,7685362,7686509,1.469529305551819,1.469529305551819,0.7988463388819398,270,False,,,,False,,,,2
Os.54766.1.S1_at,LOC9269250,LOC9269250,9269250,11,17126534,17133570,1.468847579160652,1.468847579160652,0.7050030781859224,271,False,,,,False,,,,2
Os.54488.2.S1_at,LOC4346886,LOC4346886,4346886,9,12263302,12267507,1.4684735066405672,1.4684735066405672,0.815299438813971,272,False,,,,False,,,,2
Os.56255.1.S1_at,LOC9268711,LOC9268711,9268711,7,22442108,22444613,1.4681377703750167,1.4681377703750167,0.5422159090909091,273,False,,,,False,,,,2
Os.5141.2.S1_at,Os04g0290400,Os04g0290400,4335396,4,12679303,12680574,1.4655877408255806,1.4655877408255806,0.7144883854866577,274,False,,,,False,,,,2
OsAffx.29958.1.S1_at,Os09g0379500,Os09g0379500,4346924,9,13384125,13385373,1.4596597753072107,1.4596597753072107,0.8056454248366013,275,False,,,,False,,,,2
Os.50640.1.S1_at,LOC4335790,LOC4335790,4335790,4,20422177,20427031,-1.4591171061247694,1.4591171061247694,0.5112321428571429,276,False,,,,False,,,,2
Os.13011.1.S1_at,Os09g0350900,LOC4346821,4346821,9,11123229,11143816,1.457688686773764,1.457688686773764,0.8025322369650532,277,False,,,,False,,,,2
Os.11867.1.S1_at,Os05g0410200,LOC4338776,4338776,5,20037853,20039652,1.4573194027449714,1.4573194027449714,0.6903544731130938,278,False,,,,False,,,,2
Os.209.1.S1_at,LOC4324259,LOC4324259,4324259,1,9679698,9680886,-1.4569049078467315,1.4569049078467315,0.60176563321072,279,False,,,,False,,,,2
Os.5217.1.S1_at,LOC4327109,LOC4327109,4327109,1,8334441,8338677,1.455580839598601,1.455580839598601,0.6971861855213638,280,False,,,,False,,,,2
Os.53798.1.S1_at,LOC4342164,LOC4342164,4342164,7,36124,44566,-1.452819847951712,1.452819847951712,0.815299438813971,282,False,,,,False,,,,2
Os.49500.1.S1_at,Os04g0632100,LOC4337108,4337108,4,32173716,32182241,-1.4488063598500152,1.4488063598500152,0.6452817430503381,283,False,,,,False,,,,2
Os.11685.1.S1_at,LOC4333427,LOC4333427,4333427,3,22912579,22918526,-1.4475533337574922,1.4475533337574922,0.87889529117272,284,False,,,,False,,,,2
Os.18548.1.S1_x_at,Os07g0117000,LOC9267609,9267609,7,924958,931653,-1.4461923018017235,1.4461923018017235,0.8025322369650532,285,False,,,,False,,,,2
Os.18939.1.S1_at,Os12g0539700,Os12g0539700,4352429,12,21593905,21600996,-1.4457629557394769,1.4457629557394769,0.7538123614190688,286,False,,,,False,,,,2
Os.5529.5.S1_x_at,LOC4342723,LOC4342723,4342723,7,6258992,6259690,-1.445142689164506,1.445142689164506,0.773582526458005,287,False,,,,False,,,,2
Os.3777.1.S1_at,LOC4325346,LOC4325346,4325346,1,4494612,4497621,-1.445105295558101,1.445105295558101,0.8226724137931034,288,False,,,,False,,,,2
Os.13014.1.S1_a_at,LOC4349167,LOC4349167,4349167,10,20432057,20433560,1.4450706027855853,1.4450706027855853,0.6452817430503381,289,False,,,,False,,,,2
Os.19761.2.A1_at,Os01g0130500,LOC4325976,4325976,1,1698203,1702805,1.44407556790529,1.44407556790529,0.5112321428571429,290,False,,,,False,,,,2
Os.56351.1.S1_at,LOC4330337,LOC4330337,4330337,2,27933022,27934675,1.443930200447857,1.443930200447857,0.7351372171401059,291,False,,,,False,,,,2
Os.54735.1.S1_at,LOC4328905,LOC4328905,4328905,2,8609571,8611235,-1.4433502278047616,1.4433502278047616,0.6679265091863518,292,False,,,,False,,,,2
Os.1191.1.S1_at,LOC4331519,LOC4331519,4331519,3,1860417,1861781,1.442523105258707,1.442523105258707,0.5422159090909091,293,False,,,,False,,,,2
Os.46784.2.A1_at,LOC4348740,LOC4348740,4348740,10,16027797,16029658,-1.4425149593766389,1.4425149593766389,0.7050030781859224,294,False,,,,False,,,,2
Os.52835.2.S1_at,Os08g0399900,LOC4345507,4345507,8,19071023,19076673,-1.4423402162972585,1.4423402162972585,0.6971861855213638,295,False,,,,False,,,,2
Os.20154.1.S1_at,LOC4331102,LOC4331102,4331102,2,34757542,34766566,-1.4419758853896487,1.4419758853896487,0.7461946133796699,296,False,,,,False,,,,2
Os.50012.1.S1_at,LOC4339130,LOC4339130,4339130,5,23697669,23701107,-1.4405445939597037,1.4405445939597037,0.7238685208596713,297,False,,,,False,,,,2
Os.52033.1.S1_at,LOC4329647,LOC4329647,4329647,2,20896231,20910613,1.4403157985543174,1.4403157985543174,0.624541884816754,298,False,,,,False,,,,2
Os.31403.1.S1_at,LOC4327161,LOC4327161,4327161,1,26764207,26769215,1.4400769374858653,1.4400769374858653,0.773582526458005,299,False,,,,False,,,,2
Os.55541.1.S1_at,LOC4343421,LOC4343421,4343421,7,20348607,20349543,1.435969574384739,1.435969574384739,0.5112321428571429,300,False,,,,False,,,,2
Os.39960.1.S1_at,AU165037,LOC9268385,9268385,8,5027559,5033246,-1.4356937420774136,1.4356937420774136,0.8582222850678733,301,False,,,,False,,,,2
Os.26820.1.A1_at,Os08g0167800,Os08g0167800,4344754,8,3950229,3960074,-1.432395072294109,1.432395072294109,0.8172375825789087,302,False,,,,False,,,,2
Os.31771.1.S1_at,LOC4333958,LOC4333958,4333958,3,29454901,29457146,-1.431744385081727,1.431744385081727,0.7351372171401059,303,False,,,,False,,,,2
Os.53875.1.S1_at,LOC4346841,LOC4346841,4346841,9,11664401,11676618,1.429544542165629,1.429544542165629,0.7050030781859224,304,False,,,,False,,,,2
Os.46107.1.S2_at,LOC4329504,LOC4329504,4329504,2,19044912,19050872,-1.429417155227652,1.429417155227652,0.6807424042272127,305,False,,,,False,,,,2
Os.53653.1.S2_at,LOC4351153,LOC4351153,4351153,11,27984697,27988877,1.428913024958672,1.428913024958672,0.6903544731130938,306,False,,,,False,,,,2
Os.52448.1.S1_at,LOC4334394,LOC4334394,4334394,3,32979431,32986161,1.4286050870046385,1.4286050870046385,0.7794870398605969,307,False,,,,False,,,,2
Os.49798.1.S1_at,LOC4328233,LOC4328233,4328233,2,1949336,1953286,1.4267379919494645,1.4267379919494645,0.5422159090909091,308,False,,,,False,,,,2
Os.46568.1.S1_at,LOC4349430,LOC4349430,4349430,10,22473500,22477200,1.4260985651037474,1.4260985651037474,0.6679265091863518,309,False,,,,False,,,,2
Os.51147.1.S1_at,LOC4332423,LOC4332423,4332423,3,9425624,9426843,1.426097978562327,1.426097978562327,0.773582526458005,310,False,,,,False,,,,2
Os.38152.1.S1_at,LOC4349509,LOC4349509,4349509,10,23075399,23079263,1.4246312687404297,1.4246312687404297,0.6903544731130938,311,False,,,,False,,,,2
OsAffx.30305.1.S1_at,LOC4348109,LOC4348109,4348109,10,2884577,2886486,1.4238902879591384,1.4238902879591384,0.7144883854866577,312,False,,,,False,,,,2
Os.55749.2.S1_at,Os08g0248300,LOC4345067,4345067,8,9049947,9060483,-1.42299609574073,1.42299609574073,0.60176563321072,313,False,,,,False,,,,2
Os.54201.2.S1_x_at,LOC9266039,LOC9266039,9266039,1,12403524,12408049,-1.4157325614865082,1.4157325614865082,0.8459689731593204,314,False,,,,False,,,,2
Os.37783.2.S1_x_at,Os12g0568200,LOC4352582///LOC4352564///LOC4352563,4352582///4352564///4352563,12,23514988,23516020,-1.4149100850864411,1.4149100850864411,0.7794870398605969,315,False,,,,False,,,,2
Os.33928.3.S1_at,Os01g0603200,Os01g0603200,4324093,1,25405803,25408372,1.4139981929101806,1.4139981929101806,0.6679265091863518,316,False,,,,False,,,,2
Os.8468.1.S1_at,LOC4352131,LOC4352131,4352131,12,14453218,14456655,1.413841482670604,1.413841482670604,0.8476772010393376,317,False,,,,False,,,,2
Os.12027.1.S1_a_at,LOC4341377,LOC4341377,4341377,6,22613924,22617423,1.4115284172900306,1.4115284172900306,0.6679265091863518,318,False,,,,False,,,,2
Os.27702.2.A1_at,LOC4346585,LOC4346585,4346585,9,5471835,5491334,-1.4100538502605109,1.4100538502605109,0.773582526458005,319,False,,,,False,,,,2
Os.8112.1.S1_at,LOC4342381,LOC4342381,4342381,7,2193802,2197024,1.4088622229057148,1.4088622229057148,0.6616143941895015,320,False,,,,False,,,,2
Os.55400.1.S1_at,Os11g0703000,LOC4351203,4351203,11,28781167,28782196,1.408686357050183,1.408686357050183,0.7615108392073414,321,False,,,,False,,,,2
Os.37548.1.S1_at,LOC4338832,LOC4338832,4338832,5,20677985,20680315,1.408044733810036,1.408044733810036,0.6679265091863518,322,False,,,,False,,,,2
Os.20204.3.S1_a_at,LOC4328720,LOC4328720,4328720,2,6447084,6453149,1.407844063511722,1.407844063511722,0.773582526458005,323,False,,,,False,,,,2
Os.18388.2.S1_at,Os01g0691300,LOC4325638,4325638,1,28538796,28539371,-1.4078069952270795,1.4078069952270795,0.6616143941895015,324,False,,,,False,,,,2
Os.34061.1.S1_a_at,LOC4337602,LOC4337602,4337602,5,701491,705315,-1.4067303944840392,1.4067303944840392,0.60176563321072,325,False,,,,False,,,,2
Os.51642.1.S1_at,LOC9271488,LOC9271488,9271488,12,10139764,10140816,1.4059890156462314,1.4059890156462314,0.7615108392073414,326,False,,,,False,,,,2
Os.15894.1.A2_at,LOC4324554,LOC4324554,4324554,1,42429479,42432550,1.405877489257741,1.405877489257741,0.5422159090909091,327,False,,,,False,,,,2
Os.29834.2.S1_at,LOC4327421,LOC4327421,4327421,1,35496895,35498407,1.4053556221852923,1.4053556221852923,0.8172375825789087,328,False,,,,False,,,,2
Os.7935.1.S1_at,LOC4344199,LOC4344199,4344199,7,28004802,28006262,1.4004689925803415,1.4004689925803415,0.5764228187919463,329,False,,,,False,,,,2
Os.53815.1.S1_at,LOC4331583,LOC4331583,4331583,3,2336788,2341566,1.3999731494510643,1.3999731494510643,0.8204457888871199,330,False,,,,False,,,,2
Os.17271.1.S1_at,LOC4351628,LOC4351628,4351628,12,3602523,3605041,-1.399808585368318,1.399808585368318,0.5112321428571429,331,False,,,,False,,,,2
Os.54653.1.S1_at,LOC4340403,LOC4340403,4340403,6,5022601,5024216,-1.397277331313777,1.397277331313777,0.815299438813971,332,False,,,,False,,,,2
Os.6844.1.S1_at,LOC4349824,LOC4349824,4349824,11,2687968,2689185,1.39674263974042,1.39674263974042,0.6807424042272127,333,False,,,,False,,,,2
Os.5615.1.S1_at,LOC4332570,LOC4332570,4332570,3,10571638,10573264,1.3949542125094343,1.3949542125094343,0.812484520123839,334,False,,,,False,,,,2
OsAffx.26224.1.S1_s_at,LOC4335576,LOC4335576,4335576,4,17258633,17263254,1.3928675829979589,1.3928675829979589,0.8366501291287209,335,False,,,,False,,,,2
Os.55746.1.S1_at,LOC4350502,LOC4350502,4350502,11,16435096,16449291,-1.3928206922533777,1.3928206922533777,0.6903544731130938,336,False,,,,False,,,,2
Os.51100.1.S1_at,LOC9271954,LOC9271954,9271954,3,7749787,7751694,1.3916315054063784,1.3916315054063784,0.7794870398605969,337,False,,,,False,,,,2
OsAffx.27219.1.S1_at,Os05g0457200,Os05g0457200,4338993,5,22306183,22306622,1.3916259295651572,1.3916259295651572,0.5112321428571429,338,False,,,,False,,,,2
Os.18257.1.S1_at,LOC4342703,LOC4342703,4342703,7,5890566,5894149,1.3905330173310908,1.3905330173310908,0.5112321428571429,339,False,,,,False,,,,2
Os.53828.1.S1_at,LOC4346116,LOC4346116,4346116,8,26331939,26335905,-1.3893549976612989,1.3893549976612989,0.7238685208596713,340,False,,,,False,,,,2
Os.46470.1.S1_at,LOC9269224,LOC9269224,9269224,10,4929154,4931194,1.3890185795184962,1.3890185795184962,0.7988463388819398,341,False,,,,False,,,,2
Os.54146.1.S1_at,LOC4330867,LOC4330867,4330867,2,32513742,32517155,1.3889797049733206,1.3889797049733206,0.5112321428571429,342,False,,,,False,,,,2
Os.11906.1.S1_at,LOC4325299,LOC4325299,4325299,1,28910211,28911075,1.3856778470468205,1.3856778470468205,0.6616143941895015,343,False,,,,False,,,,2
Os.22427.1.S1_at,LOC4349330,LOC4349330,4349330,10,21693876,21694513,-1.3844899336788885,1.3844899336788885,0.7050030781859224,344,False,,,,False,,,,2
Os.53842.2.S1_x_at,LOC9266127,LOC9266127,9266127,5,12093927,12101830,1.380508786140619,1.380508786140619,0.6903544731130938,345,False,,,,False,,,,2
Os.34556.1.S1_at,Os03g0180500,LOC4343954,4343954,7,25790374,25792702,-1.3796301176615022,1.3796301176615022,0.8321174247929081,346,False,,,,False,,,,2
Os.12348.5.S1_x_at,LOC4339029,LOC4339029,4339029,5,22736695,22737276,-1.3792329699213344,1.3792329699213344,0.6616143941895015,347,False,,,,False,,,,2
Os.52887.1.S1_at,LOC4345690,LOC4345690,4345690,8,21523481,21525764,-1.3780939875471454,1.3780939875471454,0.8025322369650532,348,False,,,,False,,,,2
Os.27851.1.A1_a_at,CB649744,LOC9267044,9267044,7,24118312,24127017,1.3765956514328717,1.3765956514328717,0.7615108392073414,349,False,,,,False,,,,2
Os.33102.1.S1_at,LOC4326659,LOC4326659,4326659,1,25060770,25063586,1.3765302877726184,1.3765302877726184,0.7704071604071604,350,False,,,,False,,,,2
Os.30995.1.S1_at,Os01g0148200,Os01g0148200,4325214,1,2628374,2629050,1.3764889386576251,1.3764889386576251,0.7988463388819398,351,False,,,,False,,,,2
Os.54019.1.S1_at,LOC4338206,LOC4338206,4338206,5,8870360,8871945,-1.375732669284392,1.375732669284392,0.8056454248366013,352,False,,,,False,,,,2
Os.8891.1.S1_at,Os02g0725700,LOC4330586,4330586,2,30164400,30165435,-1.375031307910083,1.375031307910083,0.6807424042272127,353,False,,,,False,,,,2
Os.48209.1.A1_at,Os06g0564500,LOC4341321,4341321,6,21700482,21703446,1.3711761818010308,1.3711761818010308,0.7238685208596713,354,False,,,,False,,,,2
Os.46683.1.S1_at,LOC4348559,LOC4348559,4348559,10,13422654,13423813,1.3706673332164112,1.3706673332164112,0.5422159090909091,355,False,,,,False,,,,2
Os.55146.1.S1_at,LOC4347175,LOC4347175,4347175,9,16361323,16363289,1.3680085674688125,1.3680085674688125,0.7351372171401059,356,False,,,,False,,,,2
Os.54888.1.S1_at,LOC4351007,LOC4351007,4351007,11,25461252,25462992,-1.3664820852758008,1.3664820852758008,0.7321994884910485,357,False,,,,False,,,,2
Os.52127.1.S1_at,LOC4340618,LOC4340618,4340618,6,7247587,7251123,-1.366401627590863,1.366401627590863,0.8396148331595412,358,False,,,,False,,,,2
Os.51873.1.S1_at,LOC4350510,LOC4350510,4350510,11,16807769,16826654,-1.3660918744297297,1.3660918744297297,0.7050030781859224,359,False,,,,False,,,,2
Os.55263.1.S1_at,LOC4345453,LOC4345453,4345453,8,18161053,18161861,1.3648625529978946,1.3648625529978946,0.7144883854866577,360,False,,,,False,,,,2
Os.53801.1.S1_at,LOC4332482,LOC4332482,4332482,3,9904376,9907022,1.3648175403347418,1.3648175403347418,0.7144883854866577,361,False,,,,False,,,,2
Os.50383.1.S1_at,LOC4340119,LOC4340119,4340119,6,2453457,2454042,-1.363059902535295,1.363059902535295,0.7321994884910485,362,False,,,,False,,,,2
Os.5404.1.S2_at,LOC4327454,LOC4327454,4327454,1,35816574,35820862,1.359626479250154,1.359626479250154,0.7461946133796699,363,False,,,,False,,,,2
Os.49722.1.A1_at,Os05g0156900,LOC4337864,4337864,5,3335334,3339811,1.358878069715661,1.358878069715661,0.7928117891405401,364,False,,,,False,,,,2
Os.52458.1.S2_at,LOC4344909,LOC4344909,4344909,8,5942645,5960144,1.3576666857068314,1.3576666857068314,0.5764228187919463,365,False,,,,False,,,,2
Os.9222.1.S1_at,LOC4331194,LOC4331194,4331194,2,35349678,35351338,1.3562400978419022,1.3562400978419022,0.624541884816754,366,False,,,,False,,,,2
Os.8578.2.S1_at,Os06g0103200,LOC4339843,4339843,6,212920,214692,1.3550696556791908,1.3550696556791908,0.6903544731130938,367,False,,,,False,,,,2
OsAffx.23070.1.S1_at,LOC4326043,LOC4326043,4326043,1,1217271,1218116,-1.3542558075599342,1.3542558075599342,0.6971861855213638,368,False,,,,False,,,,2
Os.16949.1.S1_at,Os05g0159500,Os05g0159500,4337880,5,3446337,3448354,1.3529442976293864,1.3529442976293864,0.8260455580865604,369,False,,,,False,,,,2
Os.31879.1.S1_at,LOC4333552,LOC4333552,4333552,3,24792645,24795167,-1.3524077919398778,1.3524077919398778,0.7850179287070238,370,False,,,,False,,,,2
OsAffx.23819.2.S1_x_at,LOC4339240,LOC4339240,4339240,5,24711958,24716724,1.3521904999263423,1.3521904999263423,0.5422159090909091,371,False,,,,False,,,,2
Os.6256.1.S1_a_at,Os07g0582700,LOC107279890///LOC4343730,107279890///4343730,2,34817588,34820109,-1.352095070335859,1.352095070335859,0.8056454248366013,372,False,,,,False,,,,2
Os.18913.2.S1_at,LOC4339096,LOC4339096,4339096,5,23386723,23389209,-1.3501608943308845,1.3501608943308845,0.8770551912306735,373,False,,,,False,,,,2
Os.26352.1.S1_at,LOC4329756,LOC4329756,4329756,2,22146426,22150151,-1.3496011654061038,1.3496011654061038,0.624541884816754,374,False,,,,False,,,,2
Os.34954.1.S1_at,LOC4331421,LOC4331421,4331421,3,1027579,1031519,-1.3489149359273158,1.3489149359273158,0.8366501291287209,375,False,,,,False,,,,2
Os.10335.1.S1_at,LOC4327921,LOC4327921,4327921,1,21392298,21393828,1.348018451134478,1.348018451134478,0.6679265091863518,376,False,,,,False,,,,2
Os.3415.1.S1_at,Os10g0542900,LOC4349267,4349267,10,21205689,21207511,1.3457012752151083,1.3457012752151083,0.7461946133796699,377,False,,,,False,,,,2
Os.40011.1.S1_at,Os12g0418600,Os12g0418600,4352078,12,13136579,13136995,-1.3455626716151206,1.3455626716151206,0.7887581632653062,378,False,,,,False,,,,2
Os.2321.1.S1_at,LOC4344846,LOC4344846,4344846,8,5260152,5265349,-1.3438826316897163,1.3438826316897163,0.60176563321072,379,False,,,,False,,,,2
Os.53896.1.S1_at,LOC4347876,LOC4347876,4347876,9,22548039,22552725,1.342352792437226,1.342352792437226,0.812484520123839,380,False,,,,False,,,,2
Os.54856.1.S1_at,LOC4345753,LOC4345753,4345753,8,22401143,22404070,1.3423022631802288,1.3423022631802288,0.7050030781859224,381,False,,,,False,,,,2
Os.50295.1.S1_at,LOC4352221,LOC4352221,4352221,12,17779335,17782992,1.3421737272434469,1.3421737272434469,0.5764228187919463,382,False,,,,False,,,,2
Os.49497.1.S1_at,LOC4346610,LOC4346610,4346610,9,5918026,5929749,1.340969301982984,1.340969301982984,0.7144883854866577,383,False,,,,False,,,,2
Os.23471.3.S1_at,LOC4350295,LOC4350295,4350295,11,10352307,10376604,-1.339734211076694,1.339734211076694,0.8204457888871199,384,False,,,,False,,,,2
Os.49802.1.S2_at,LOC4343012,LOC4343012,4343012,7,12991036,12995571,1.3382372308320007,1.3382372308320007,0.6903544731130938,385,False,,,,False,,,,2
Os.23101.1.A1_at,LOC4337096,LOC4337096,4337096,4,32059437,32062400,1.3376945743560866,1.3376945743560866,0.5112321428571429,386,False,,,,False,,,,2
Os.24475.1.S2_at,LOC4335072,LOC4335072,4335072,4,5121027,5124374,1.3368749643578943,1.3368749643578943,0.6616143941895015,387,False,,,,False,,,,2
Os.8480.1.S1_at,LOC9270995,LOC9270995,9270995,5,17779674,17781811,-1.335405045710602,1.335405045710602,0.6616143941895015,388,False,,,,False,,,,2
Os.3419.1.S1_a_at,LOC4326935,LOC4326935,4326935,1,29123517,29124598,1.3353308012979208,1.3353308012979208,0.5764228187919463,389,False,,,,False,,,,2
Os.16233.1.S1_a_at,LOC4335090,LOC4335090,4335090,4,5318058,5326426,1.3351958808574118,1.3351958808574118,0.7321994884910485,390,False,,,,False,,,,2
Os.11897.1.S1_at,LOC4334643,LOC4334643,4334643,3,34733478,34734797,1.3328680860766149,1.3328680860766149,0.8808101808689166,391,False,,,,False,,,,2
Os.30657.1.S1_at,LOC4327651,LOC4327651,4327651,1,22731938,22733233,-1.3314495715429011,1.3314495715429011,0.7393179401488683,392,False,,,,False,,,,2
Os.6129.1.S1_at,LOC4351068,LOC4351068,4351068,11,26577212,26582221,-1.330992172123879,1.330992172123879,0.8056454248366013,393,False,,,,False,,,,2
Os.51363.1.S1_at,Os11g0146200,Os11g0146200,4349759,11,2081941,2094571,-1.3304001396781937,1.3304001396781937,0.8518000595060994,394,False,,,,False,,,,2
Os.50949.2.S1_at,LOC4352057,LOC4352057,4352057,12,12377952,12383327,-1.329928674482173,1.329928674482173,0.7050030781859224,395,False,,,,False,,,,2
Os.17563.3.A1_at,LOC4329020,LOC4329020,4329020,2,10370977,10379309,1.3291460459048503,1.3291460459048503,0.6452817430503381,396,False,,,,False,,,,2
Os.54318.1.S1_at,LOC4349721,LOC4349721,4349721,11,1775386,1777335,-1.3280215468606127,1.3280215468606127,0.8260455580865604,397,False,,,,False,,,,2
Os.12421.1.S1_at,LOC4351033,LOC4351033,4351033,11,25893823,25895043,1.3275282440164609,1.3275282440164609,0.6971861855213638,398,False,,,,False,,,,2
Os.36371.1.S1_at,LOC4325776,LOC4325776,4325776,1,10990817,10991941,1.3270965712563858,1.3270965712563858,0.8172375825789087,399,False,,,,False,,,,2
Os.30886.1.S1_at,LOC4334657,LOC4334657,4334657,3,34825498,34828981,-1.3264703759548429,1.3264703759548429,0.5422159090909091,400,False,,,,False,,,,2
Os.10928.1.S1_at,LOC9269701,LOC9269701,9269701,8,7880435,7883154,-1.3264552024427592,1.3264552024427592,0.8808101808689166,401,False,,,,False,,,,2
Os.47621.1.S1_at,LOC4324136,LOC4324136,4324136,1,33651140,33655239,1.3260738310250542,1.3260738310250542,0.7615108392073414,402,False,,,,False,,,,2
Os.19151.1.S1_at,LOC4351554,LOC4351554,4351554,12,2934605,2935635,-1.3259593341199725,1.3259593341199725,0.7850179287070238,403,False,,,,False,,,,2
Os.54841.1.S1_at,LOC4339758,LOC4339758,4339758,5,29221406,29224471,1.325466144871996,1.325466144871996,0.8025322369650532,404,False,,,,False,,,,2
Os.33708.2.S1_at,LOC4345298,LOC4345298,4345298,8,14724884,14732122,1.3252598676023053,1.3252598676023053,0.7351372171401059,405,False,,,,False,,,,2
Os.54622.1.S1_at,LOC4349972,LOC4349972,4349972,11,4466448,4468314,1.3235097682233872,1.3235097682233872,0.7704071604071604,406,False,,,,False,,,,2
Os.57190.1.S1_at,LOC4340368,LOC4340368,4340368,6,4624194,4625678,-1.3231664581330538,1.3231664581330538,0.6807424042272127,407,False,,,,False,,,,2
Os.56077.1.S1_x_at,LOC4346773,LOC4346773,4346773,9,10252121,10254796,-1.322210453837226,1.322210453837226,0.8459689731593204,408,False,,,,False,,,,2
Os.55618.1.S1_at,LOC4343600,LOC4343600,4343600,7,22426867,22429640,-1.3217307612464526,1.3217307612464526,0.6903544731130938,409,False,,,,False,,,,2
Os.52706.2.S1_at,LOC4329703,LOC4329703,4329703,2,21471736,21475658,1.321475456968253,1.321475456968253,0.7887581632653062,410,False,,,,False,,,,2
Os.37328.1.S1_at,LOC4325383,LOC4325383,4325383,1,42206264,42208575,1.3207347825472806,1.3207347825472806,0.8204457888871199,411,False,,,,False,,,,2
Os.56875.1.S1_at,LOC4345700,LOC4345700,4345700,8,21591022,21592033,1.3198977011544055,1.3198977011544055,0.8546460761237729,412,False,,,,False,,,,2
Os.55156.1.S1_at,LOC4329394,LOC4329394,4329394,2,17223614,17227385,-1.3180876854575998,1.3180876854575998,0.773582526458005,413,False,,,,False,,,,2
Os.7255.1.S1_at,LOC4340633,LOC4340633,4340633,6,7488066,7496669,1.3177353016707682,1.3177353016707682,0.60176563321072,414,False,,,,False,,,,2
OsAffx.29407.3.S1_x_at,Os08g0376700,Os08g0376700,4345427,8,17669645,17671450,1.3172271083106162,1.3172271083106162,0.7144883854866577,415,False,,,,False,,,,2
Os.11812.1.S1_at,LOC4330542,LOC4330542,4330542,2,29850353,29852443,1.3172188953317665,1.3172188953317665,0.8728353658536585,416,False,,,,False,,,,2
Os.53804.1.S1_at,LOC4328729,LOC4328729,4328729,2,6517040,6533185,1.3168161364358766,1.3168161364358766,0.6616143941895015,417,False,,,,False,,,,2
Os.25588.1.S1_a_at,LOC4343988,LOC4343988,4343988,7,26075343,26077202,1.314126415161199,1.314126415161199,0.8476772010393376,418,False,,,,False,,,,2
Os.53539.1.S1_at,LOC4336019,LOC4336019,4336019,4,22773490,22778458,-1.3140198371394318,1.3140198371394318,0.8885868842282623,419,False,,,,False,,,,2
Os.47316.1.S1_at,LOC4349565,LOC4349565,4349565,11,359215,362645,-1.3133076606716925,1.3133076606716925,0.8939674052528017,420,False,,,,False,,,,2
Os.55333.1.S1_at,LOC4352844,LOC4352844,4352844,12,26768226,26768991,1.3129938942896535,1.3129938942896535,0.7671595615103532,421,False,,,,False,,,,2
Os.26916.1.S2_at,LOC4333775,LOC4333775,4333775,3,27583478,27592825,1.3114271619597442,1.3114271619597442,0.7321994884910485,422,False,,,,False,,,,2
Os.46455.1.S1_at,LOC4347953,LOC4347953,4347953,10,372313,375691,-1.3104345466711524,1.3104345466711524,0.8616114911080712,423,False,,,,False,,,,2
Os.33604.1.S1_a_at,LOC4343395,LOC4343395,4343395,7,20012772,20015520,1.3092922957133537,1.3092922957133537,0.5422159090909091,424,False,,,,False,,,,2
Os.52969.1.S1_at,Os06g0248300,Os06g0248300,9272659,6,7694227,7696936,1.3091499376669518,1.3091499376669518,0.7050030781859224,425,False,,,,False,,,,2
OsAffx.12887.2.S1_s_at,LOC4332420,LOC4332420,4332420,3,9411548,9416202,1.3089392093925691,1.3089392093925691,0.5112321428571429,426,False,,,,False,,,,2
Os.54372.1.S2_at,LOC4346838,LOC4346838,4346838,9,11539701,11540622,-1.3060874707249317,1.3060874707249317,0.8358251077436397,427,False,,,,False,,,,2
Os.12775.1.S1_at,LOC4343827,LOC4343827,4343827,7,24567497,24570327,-1.305165582409552,1.305165582409552,0.7393179401488683,428,False,,,,False,,,,2
Os.50235.2.S1_at,LOC4328652,LOC4328652,4328652,2,5683603,5697931,1.305036807107228,1.305036807107228,0.7050030781859224,429,False,,,,False,,,,2
Os.53842.1.S1_x_at,LOC9266127,LOC9266127,9266127,5,12093927,12101830,-1.3042196328503537,1.3042196328503537,0.8378847944658774,430,False,,,,False,,,,2
Os.54905.1.S1_at,LOC4333846,LOC4333846,4333846,3,28289328,28290255,-1.3031433059986568,1.3031433059986568,0.624541884816754,431,False,,,,False,,,,2
Os.8044.1.S1_x_at,LOC4328677,LOC4328677,4328677,2,5955067,5957406,1.301380931248126,1.301380931248126,0.7657737867787543,432,False,,,,False,,,,2
Os.51735.1.S1_s_at,LOC107280699,LOC107280699,107280699,4,27466434,27467902,-1.3005933192920942,1.3005933192920942,0.6903544731130938,433,False,,,,False,,,,2
Os.11831.1.S1_at,LOC4340632,LOC4340632,4340632,6,7480226,7482205,1.298857529643485,1.298857529643485,0.7704071604071604,434,False,,,,False,,,,2
Os.2601.1.S1_at,LOC4349048,LOC4349048,4349048,10,19198783,19200803,-1.2987941897038024,1.2987941897038024,0.6903544731130938,435,False,,,,False,,,,2
Os.56119.1.S1_at,LOC4328899,LOC4328899,4328899,2,8541406,8542119,1.2969426676156293,1.2969426676156293,0.7538123614190688,436,False,,,,False,,,,2
Os.11903.1.S1_at,LOC4333434,LOC4333434,4333434,3,23054420,23068346,1.296529707773924,1.296529707773924,0.7538123614190688,437,False,,,,False,,,,2
Os.11602.1.S1_at,LOC4347805,LOC4347805,4347805,9,21945895,21949010,1.2960614513780255,1.2960614513780255,0.8546460761237729,438,False,,,,False,,,,2
Os.53829.1.S1_at,LOC4349570,LOC4349570,4349570,11,435095,438023,-1.2960165476555476,1.2960165476555476,0.8074457958751984,439,False,,,,False,,,,2
Os.57517.1.S1_at,LOC4339974,LOC4339974,4339974,6,1434696,1435791,-1.294011865138328,1.294011865138328,0.8074457958751984,440,False,,,,False,,,,2
Os.19385.1.S1_at,LOC4323915,LOC4323915,4323915,1,30324263,30325094,1.2923048815403009,1.2923048815403009,0.7850179287070238,441,False,,,,False,,,,2
Os.53312.1.S1_at,Os11g0204000,Os11g0204000,4350017,11,5180284,5181680,-1.2906311965740906,1.2906311965740906,0.6807424042272127,442,False,,,,False,,,,2
Os.21957.2.S1_at,LOC4347971,LOC4347971,4347971,10,806041,809989,1.2905272626345714,1.2905272626345714,0.7351372171401059,443,False,,,,False,,,,2
Os.30862.2.S1_at,Os06g0134400,Os06g0134400,4340030,6,1847029,1847743,1.288846663718188,1.288846663718188,0.7850179287070238,444,False,,,,False,,,,2
Os.55985.1.S1_at,LOC4328589,LOC4328589,4328589,2,5183533,5184411,-1.287389940714457,1.287389940714457,0.8056454248366013,445,False,,,,False,,,,2
Os.50958.2.S1_at,LOC4341917,LOC4341917,4341917,6,28941277,28943772,1.2866830483544152,1.2866830483544152,0.6807424042272127,446,False,,,,False,,,,2
OsAffx.19485.2.S1_at,LOC4330265,LOC4330265,4330265,2,27165481,27166913,-1.28634656084356,1.28634656084356,0.7393179401488683,447,False,,,,False,,,,2
Os.16803.2.S1_at,LOC4325553,LOC4325553,4325553,1,31359177,31362071,-1.2860386795061398,1.2860386795061398,0.7321994884910485,448,False,,,,False,,,,2
Os.53468.1.S1_at,LOC4346110,LOC4346110,4346110,8,26301036,26301836,1.2842835328416888,1.2842835328416888,0.7850179287070238,449,False,,,,False,,,,2
Os.22726.1.A1_at,LOC4349111,LOC4349111,4349111,10,19858749,19860561,1.2808987572207933,1.2808987572207933,0.5112321428571429,450,False,,,,False,,,,2
Os.3850.3.S1_at,LOC4325258,LOC4325258,4325258,1,6278358,6283587,1.2802160500608997,1.2802160500608997,0.8546460761237729,451,False,,,,False,,,,2
OsAffx.26379.1.S1_at,LOC4336057,LOC4336057,4336057,4,23040161,23048573,1.2800550624216946,1.2800550624216946,0.8419217491369391,452,False,,,,False,,,,2
Os.50754.1.A1_at,LOC4342932,LOC4342932,4342932,7,10748652,10766927,1.2799500488229012,1.2799500488229012,0.8321174247929081,453,False,,,,False,,,,2
Os.18952.1.S1_at,LOC4340257,LOC4340257,4340257,6,3445031,3448339,1.2791740145369643,1.2791740145369643,0.7850179287070238,454,False,,,,False,,,,2
Os.6114.1.S1_at,LOC4338010,LOC4338010,4338010,5,5337285,5341272,-1.2791471971145123,1.2791471971145123,0.5112321428571429,455,False,,,,False,,,,2
Os.20292.1.S1_at,LOC4336804,LOC4336804,4336804,4,29660806,29662456,1.2778382025237385,1.2778382025237385,0.5112321428571429,456,False,,,,False,,,,2
Os.53794.1.S1_at,LOC4345910,LOC4345910,4345910,8,24315369,24318776,1.2777340829829371,1.2777340829829371,0.7794870398605969,457,False,,,,False,,,,2
Os.37822.2.S2_at,LOC4324640,LOC4324640,4324640,1,6540923,6541713,-1.27663588750894,1.27663588750894,0.7538123614190688,458,False,,,,False,,,,2
Os.27245.1.S1_at,Os07g0635600,Os07g0635600,4344025,7,26334267,26336348,-1.2759592750240836,1.2759592750240836,0.8476772010393376,459,False,,,,False,,,,2
Os.49483.1.S1_at,Os03g0180500,LOC4343954,4343954,7,25790374,25792702,-1.2757983930052132,1.2757983930052132,0.844884465653648,460,False,,,,False,,,,2
OsAffx.18955.1.S1_at,LOC4350342,LOC4350342,4350342,11,11538278,11540899,-1.2755572741752588,1.2755572741752588,0.8358251077436397,461,False,,,,False,,,,2
Os.53780.1.S1_at,LOC9268164,LOC9268164,9268164,4,29522220,29527591,1.2754195142731948,1.2754195142731948,0.60176563321072,462,False,,,,False,,,,2
Os.24471.1.S1_at,LOC4343264,LOC4343264,4343264,7,18203451,18205163,1.2736254724081806,1.2736254724081806,0.5422159090909091,463,False,,,,False,,,,2
Os.55461.1.S1_at,LOC4332980,LOC4332980,4332980,3,15127252,15128290,1.2727914506676057,1.2727914506676057,0.7461946133796699,464,False,,,,False,,,,2
Os.51642.1.S1_x_at,LOC9271488,LOC9271488,9271488,12,10139764,10140816,1.2715881575183825,1.2715881575183825,0.8025322369650532,465,False,,,,False,,,,2
Os.39037.1.S1_at,Os03g0754500,LOC4334147,4334147,3,31124615,31127016,1.271168766913482,1.271168766913482,0.5112321428571429,466,False,,,,False,,,,2
Os.54400.1.S1_at,LOC4333167,LOC4333167,4333167,3,17902766,17912528,1.2707226011462316,1.2707226011462316,0.773582526458005,467,False,,,,False,,,,2
Os.53438.1.S1_at,Os06g0584400,Os06g0584400,4341392,6,22498527,22499224,1.2705522039546178,1.2705522039546178,0.7657737867787543,468,False,,,,False,,,,2
Os.27751.1.S1_at,LOC9266189,LOC9266189,9266189,2,21841064,21847762,1.2694165063163876,1.2694165063163876,0.812484520123839,469,False,,,,False,,,,2
Os.32298.1.S1_at,LOC4331883,LOC4331883,4331883,3,4598882,4600452,1.2685066781021606,1.2685066781021606,0.6971861855213638,470,False,,,,False,,,,2
Os.28994.1.S1_at,LOC4325034,LOC4325034,4325034,1,39136915,39139552,1.268095332123294,1.268095332123294,0.8358251077436397,471,False,,,,False,,,,2
Os.50255.1.S1_at,Os06g0360600,Os06g0360600,4341001,6,14906418,14913749,1.267576099592109,1.267576099592109,0.7461946133796699,472,False,,,,False,,,,2
Os.11785.1.S1_at,LOC4341911,LOC4341911,4341911,6,28867477,28871082,-1.2667483074755357,1.2667483074755357,0.815299438813971,473,False,,,,False,,,,2
Os.22594.2.S1_at,Os01g0124700,LOC9267088,9267088,1,1365555,1366498,1.2663718085665416,1.2663718085665416,0.7538123614190688,474,False,,,,False,,,,2
Os.8052.2.S1_at,Os03g0723800,LOC9271618,9271618,3,29401918,29403194,-1.2656586165395685,1.2656586165395685,0.7321994884910485,475,False,,,,False,,,,2
Os.12633.1.S1_at,LOC4350454,LOC4350454,4350454,11,15342653,15343765,1.265650589170658,1.265650589170658,0.5422159090909091,476,False,,,,False,,,,2
Os.52904.1.S1_at,LOC4338379,LOC4338379,4338379,5,14251961,14260914,-1.2646544160442512,1.2646544160442512,0.7657737867787543,477,False,,,,False,,,,2
Os.55229.1.S1_s_at,LOC4342720,LOC4342720,4342720,7,6238937,6239626,-1.2640457498487496,1.2640457498487496,0.8378847944658774,478,False,,,,False,,,,2
Os.49238.1.S1_at,LOC4328153,LOC4328153,4328153,2,1366141,1369134,1.2640256538606498,1.2640256538606498,0.7988463388819398,479,False,,,,False,,,,2
Os.48585.1.S1_at,LOC4349720,LOC4349720,4349720,11,1743955,1748970,1.26331833232088,1.26331833232088,0.6452817430503381,480,False,,,,False,,,,2
Os.49527.1.S1_at,LOC4331500,LOC4331500,4331500,3,1706014,1708368,1.2632916132443066,1.2632916132443066,0.6616143941895015,481,False,,,,False,,,,2
Os.35020.1.S1_at,LOC4349648,LOC4349648,4349648,11,1233913,1236001,1.262334758402548,1.262334758402548,0.7928117891405401,482,False,,,,False,,,,2
Os.6976.1.S1_s_at,LOC4331468,LOC4331468,4331468,3,1486004,1490684,1.261674414764066,1.261674414764066,0.7238685208596713,483,False,,,,False,,,,2
Os.4999.1.S1_at,LOC4342076,LOC4342076,4342076,6,30417497,30418795,1.261054973245741,1.261054973245741,0.8736946249261666,484,False,,,,False,,,,2
Os.52125.1.S1_at,LOC4328988,LOC4328988,4328988,2,9902612,9907888,1.2606122276129377,1.2606122276129377,0.6807424042272127,485,False,,,,False,,,,2
Os.10671.1.S1_at,LOC4324933,LOC4324933,4324933,1,37696783,37699583,1.260345258150699,1.260345258150699,0.7144883854866577,486,False,,,,False,,,,2
Os.7287.2.S1_x_at,LOC4331035,LOC4331035,4331035,2,34075906,34078158,-1.2600268643367152,1.2600268643367152,0.812484520123839,487,False,,,,False,,,,2
Os.170.3.S1_at,LOC9270637,LOC9270637,9270637,1,37241003,37242103,1.259279035680294,1.259279035680294,0.5112321428571429,488,False,,,,False,,,,2
Os.313.2.S2_at,LOC4330612,LOC4330612,4330612,2,30393302,30396790,1.2572898511396893,1.2572898511396893,0.7887581632653062,490,False,,,,False,,,,2
Os.49648.1.S1_s_at,LOC4330933,LOC4330933,4330933,2,33179418,33180456,1.257110356759564,1.257110356759564,0.7050030781859224,491,False,,,,False,,,,2
Os.9651.1.S1_at,LOC4330919,LOC4330919,4330919,2,33045388,33047997,1.2564816006317274,1.2564816006317274,0.7238685208596713,492,False,,,,False,,,,2
Os.11962.3.S1_x_at,LOC4347320,LOC4347320,4347320,9,17748583,17751266,-1.255745327696181,1.255745327696181,0.7351372171401059,493,False,,,,False,,,,2
Os.57103.1.S1_at,LOC4328124,LOC4328124,4328124,2,1145779,1151107,1.2555823865374809,1.2555823865374809,0.8770551912306735,494,False,,,,False,,,,2
Os.49408.1.S1_at,LOC4343498,LOC4343498,4343498,7,21359653,21366531,1.2546065151867678,1.2546065151867678,0.7238685208596713,495,False,,,,False,,,,2
OsAffx.7769.1.S1_at,Os12g0511100,Os12g0511100,4352323,12,19727742,19728686,-1.2538558212110014,1.2538558212110014,0.6616143941895015,496,False,,,,False,,,,2
Os.56815.1.S1_at,LOC4340797,LOC4340797,4340797,6,10780816,10784829,-1.2535877717272617,1.2535877717272617,0.6903544731130938,497,False,,,,False,,,,2
Os.51171.1.S1_at,LOC4335726,LOC4335726,4335726,4,19841599,19844320,1.2517022114611374,1.2517022114611374,0.6971861855213638,498,False,,,,False,,,,2
Os.48898.1.S1_at,LOC4329098,LOC4329098,4329098,2,11716854,11736528,-1.2503519775102367,1.2503519775102367,0.8172375825789087,499,False,,,,False,,,,2
Os.17961.1.S1_a_at,LOC9271858,LOC9271858,9271858,2,12128151,12129227,1.249359248355458,1.249359248355458,0.6616143941895015,500,False,,,,False,,,,2
